Gene_set,Term,Overlap,P-value,Adjusted P-value,Odds Ratio,Combined Score,Genes,Pathway_Name
gs_ind_0,PWY-7980,6/17,4.32267790800588e-06,6.916284652809408e-05,20.5716370002918,254.0933610769094,FEK30_RS07780;FEK30_RS07775;FEK30_RS07770;FEK30_RS07765;FEK30_RS07790;FEK30_RS07785,ATP biosynthesis
gs_ind_0,CALVIN-PWY,3/14,0.006500600776733505,0.034669870809245364,10.648246844319775,53.623087585319794,FEK30_RS10955;FEK30_RS10690;FEK30_RS02995,Calvin-Benson-Bassham cycle
gs_ind_0,PWY-7159,3/13,0.005213944805980487,0.034669870809245364,11.666666666666666,61.32488307471544,FEK30_RS01290;FEK30_RS14265;FEK30_RS01275,"3,8-divinyl-chlorophyllide a biosynthesis III (aerobic, light independent)"
