Gene_set,Term,Overlap,P-value,Adjusted P-value,Odds Ratio,Combined Score,Genes,Pathway_Name
gs_ind_0,PWY-7980,7/17,4.43974485675104e-06,6.215642799451456e-05,15.80023710729105,194.73655796318627,FEK30_RS07780;FEK30_RS07775;FEK30_RS07770;FEK30_RS07795;FEK30_RS07765;FEK30_RS07790;FEK30_RS07785,ATP biosynthesis
gs_ind_0,GLUCONEO-PWY,4/13,0.0020924303991802463,0.009764675196174483,10.227359897720008,63.09697093251093,FEK30_RS05315;FEK30_RS10955;FEK30_RS10690;FEK30_RS12220,gluconeogenesis I
gs_ind_0,GLYCOLYSIS,4/13,0.0020924303991802463,0.009764675196174483,10.227359897720008,63.09697093251093,FEK30_RS05315;FEK30_RS10955;FEK30_RS10690;FEK30_RS12220,glycolysis I (from glucose 6-phosphate)
gs_ind_0,CALVIN-PWY,4/14,0.002827568069274783,0.00989648824246174,9.249855407750145,54.281280539075475,FEK30_RS10955;FEK30_RS10690;FEK30_RS12220;FEK30_RS02995,Calvin-Benson-Bassham cycle
